,City,Temperature (k),Latitude,Humidity (%),Cloudiness (%),Wind Speed (mph)
0,Rikitea,297.553,-23.12,79,19,1.06
1,Ovre Ardal,276.453,61.32,72,33,1.81
2,Irtyshskiy,286.353,58.33,90,100,5.9
3,New Norfolk,284.88,-42.78,58,75,7.7
4,Ushuaia,278.15,-54.81,86,75,1.5
5,Bredasdorp,288.89,-34.53,72,13,7.7
6,Dikson,273.353,73.51,93,52,3.37
7,Atuona,301.253,-9.8,77,42,8.54
8,Busselton,289.82,-33.64,40,84,3.13
9,Cape Town,288.25,-33.93,58,75,5.7
10,San Juan,304.55,14.6,66,75,4.1
11,Norsup,302.15,-16.07,70,30,3.6
12,Jamestown,286.053,-33.21,45,0,4.08
13,La Ronge,290.15,55.1,48,40,3.6
14,Nanortalik,276.153,60.14,85,18,0.21
15,Foxton,284.73,-40.47,90,100,0.89
16,Cherskiy,279.253,68.75,38,0,7.31
17,Port Alfred,290.93,-33.59,85,3,3.13
18,Hilo,296.35,19.71,61,20,4.1
19,Hermanus,286.75,-34.42,77,60,8.49
20,Vaini,295.15,15.34,100,82,1.5
21,Benguela,297.253,-12.58,77,0,2.69
22,Mataura,280.753,-46.19,69,44,3.3
23,Mayo,291.15,63.59,25,75,5.1
24,Sioux Lookout,285.6,50.1,82,90,2.6
25,Torbay,284.35,47.66,100,90,6.2
26,Punta Arenas,278.15,-53.16,93,90,2.6
27,Kapaa,299.82,22.08,78,90,7.7
28,Greenwood,300.86,32.03,48,24,3.6
29,Namibe,294.753,-15.19,75,0,1.31
30,Mokhsogollokh,292.953,61.4,62,100,2.72
31,Kodiak,300.11,39.95,36,40,3.6
32,Bluff,292.953,-23.58,24,100,5.36
33,Bastrop,300.83,32.78,94,1,0.73
34,Alamos,287.053,-36.9,79,100,6.12
35,Poronaysk,286.753,49.22,68,89,2.9
36,Guerrero Negro,291.753,27.97,87,0,5.45
37,Raudeberg,283.92,61.99,81,62,2.1
38,Chokurdakh,277.753,70.62,54,90,3.15
39,Cockburn Town,300.553,21.46,81,1,5.35
40,Taman,293.87,45.22,88,0,4.0
41,Umm Lajj,303.753,25.02,69,0,6.11
42,Grindavik,278.68,63.84,75,75,8.2
43,Kavieng,302.253,-2.57,73,98,3.58
44,Kaitangata,279.953,-46.28,69,23,5.35
45,Santa Vitoria do Palmar,285.653,-33.52,73,0,2.8
46,Thompson,283.15,55.74,76,90,3.1
47,Sistranda,283.75,63.73,93,20,4.1
48,Hambantota,299.15,6.12,100,20,1.5
49,Pevek,272.853,69.7,89,38,3.9
50,Ushtobe,297.153,45.25,44,96,8.35
51,Lebu,286.053,8.96,74,76,0.44
52,Prince Albert,295.15,53.2,24,20,8.2
53,Olavarria,285.453,-36.89,82,100,6.85
54,Borovoy,280.853,63.23,58,99,2.91
55,Puerto Ayora,297.58,-0.74,69,20,7.2
56,Arraial do Cabo,294.653,-22.97,72,19,6.71
57,Luanda,295.15,-8.83,88,90,2.1
58,Muzhi,274.753,65.4,98,100,4.35
59,Hailar,288.953,49.2,46,7,7.45
60,Hasaki,296.9,35.73,73,75,2.1
61,Livani,287.653,56.35,95,0,1.47
62,Vila Franca do Campo,289.15,37.72,67,20,2.6
63,Tuktoyaktuk,281.15,69.44,61,75,6.7
64,Makaryev,288.153,57.88,69,1,3.6
65,Sao Joao da Barra,288.153,-21.64,76,0,1.61
66,Georgetown,300.36,6.8,94,20,3.1
67,Alabaster,299.98,33.24,48,20,1.67
68,Mar del Plata,284.153,-46.43,57,67,11.51
69,Port Elizabeth,290.62,39.31,67,1,3.42
70,Suifenhe,298.053,44.39,38,0,0.8
71,Kempsey,288.71,-31.08,69,41,1.34
72,Constitucion,298.43,23.99,31,75,5.7
73,Yellowknife,281.01,62.45,93,90,4.1
74,Ballachulish,282.59,56.68,94,100,2.68
75,Vila do Maio,295.15,15.13,78,40,1.0
76,Iqaluit,274.97,63.75,59,75,2.1
77,Mount Gambier,284.15,-37.83,81,90,3.1
78,Manokwari,301.753,-0.87,59,50,2.44
79,Troitskoye,291.953,52.98,60,1,2.29
80,Albany,284.24,42.65,76,90,0.89
81,Carauari,295.853,-4.88,95,67,0.6
82,Saint Stephen,291.48,45.7,93,1,1.23
83,Jacareacanga,297.353,-6.22,79,1,0.42
84,Bayan,283.653,47.25,52,100,4.62
85,Coquimbo,287.27,-29.95,93,20,2.1
86,Plettenberg Bay,287.353,-34.05,81,37,2.99
87,Hithadhoo,302.653,-0.6,73,100,5.34
88,Turgutlu,287.07,38.5,81,0,0.5
89,San Francisco del Mar,300.553,16.34,78,100,2.6
90,Omboue,297.353,-1.57,83,99,4.61
91,Ostrovnoy,282.353,68.05,85,100,5.49
92,Alofi,299.15,-19.06,69,75,7.2
93,Tateyama,301.46,36.66,54,75,1.0
94,Pasni,306.853,25.26,41,99,3.59
95,Kenai,288.21,60.55,71,1,5.7
96,Nantucket,288.21,41.28,82,1,5.1
97,Hobyo,300.153,5.35,66,100,10.2
98,Central Point,301.48,42.38,16,1,5.1
99,Paamiut,277.253,61.99,76,81,3.16
100,Okato,286.53,-39.19,94,100,7.71
101,Xiongzhou,304.83,32.34,58,100,3.0
102,Gubkinskiy,291.753,64.43,33,98,3.91
103,Castro,283.15,-42.48,93,20,7.7
104,La Asuncion,280.853,-1.64,90,100,2.95
105,Narsaq,282.15,60.91,49,28,1.5
106,Poum,281.153,41.28,93,58,0.65
107,Ivanovka,293.15,42.89,56,0,5.0
108,Ozernovskiy,282.153,51.5,77,99,0.9
109,Evensk,287.853,61.92,53,73,1.97
110,Botshabelo,278.15,-29.23,75,0,1.0
111,Shaoyang,299.953,27.23,75,100,3.15
112,Avarua,298.15,-21.21,73,61,5.1
113,Santa Cruz de Tenerife,292.3,28.47,100,90,10.3
114,Chuy,288.153,-33.69,64,3,5.0
115,Awbari,302.453,26.59,30,0,2.65
116,Veraval,285.72,49.65,87,75,3.6
117,Pisco,290.72,-13.71,77,90,6.2
118,San Cristobal,284.65,-0.39,72,40,3.1
119,Taoudenni,305.753,22.68,7,36,2.54
120,Piney Green,297.23,35.09,69,1,3.12
121,Swellendam,289.15,-34.02,72,39,7.7
122,Provideniya,278.15,64.42,80,20,5.0
123,Upernavik,274.153,72.79,89,96,0.43
124,San Patricio,286.0,-26.98,92,0,1.98
125,Flinders,285.41,-34.58,58,75,6.7
126,Faya,292.18,18.39,63,0,0.99
127,Arhus,286.55,56.16,82,0,8.7
128,Caravelas,297.653,-17.73,71,98,6.31
129,Nueva Imperial,285.15,-38.75,93,75,4.6
130,Fortuna,291.17,38.18,82,0,6.79
131,Sur,307.253,22.57,38,20,4.5
132,Katsuura,296.15,33.93,83,75,2.1
133,Qaqortoq,282.15,60.72,49,28,1.5
134,Bezhetsk,286.653,57.78,80,0,2.61
135,Orbetello,288.04,42.44,93,0,2.1
136,Saint-Philippe,284.13,45.36,71,1,6.7
137,Shagonar,288.653,51.54,44,11,2.1
138,Churapcha,299.653,62.0,29,88,0.64
139,Kadoma,282.653,-18.34,65,0,1.76
140,Sunrise Manor,308.34,36.21,9,1,2.1
141,Alugan,304.753,12.22,62,27,2.68
142,Iskateley,280.753,67.68,59,79,5.77
143,Samarai,297.953,-10.62,94,98,2.8
144,Beringovskiy,286.753,63.05,55,96,5.13
145,Dingle,307.853,11.0,40,62,4.35
146,Puerto Leguizamo,295.153,-0.19,98,100,0.82
147,Bandarbeyla,299.753,9.49,74,100,5.73
148,Katobu,302.453,-4.94,70,30,2.23
149,Tungor,278.253,53.39,87,57,3.77
150,Bulgan,287.153,48.81,39,100,2.9
151,Sao Jose da Coroa Grande,295.253,-8.9,90,12,1.99
152,Butaritari,302.553,3.07,79,83,6.52
153,Zhangye,295.253,38.94,25,34,2.57
154,Tasiilaq,278.15,65.61,44,1,3.6
155,Zarinsk,290.053,53.71,70,85,3.24
156,Salalah,302.15,17.01,83,40,2.6
157,Ancud,283.15,-41.87,93,20,7.7
158,Carnarvon,282.653,-30.97,77,19,10.48
159,Alta Floresta,296.453,-9.87,70,0,1.47
160,Codrington,291.23,-28.95,48,40,6.7
161,Wageningen,289.34,51.98,100,90,2.1
162,Mount Isa,288.15,-20.73,29,100,7.7
163,Khandyga,297.853,62.65,29,78,2.17
164,East London,293.153,-33.02,17,0,5.32
165,Port Hueneme,292.49,34.15,82,90,2.6
166,Hami,300.353,42.84,13,0,1.83
167,Ponta do Sol,284.353,-20.63,93,0,2.12
168,Qaanaaq,267.953,77.48,91,98,1.29
169,Vila Velha,300.15,-3.71,78,20,3.6
170,Riyadh,298.15,24.63,14,0,1.5
171,Ukiah,298.78,39.15,19,1,1.5
172,Hobart,284.88,-42.88,58,75,7.7
173,Shepsi,297.253,44.04,71,37,3.87
174,Vung Tau,304.253,10.35,67,100,3.37
175,Westport,282.33,53.8,85,100,0.45
176,Tsaratanana,290.253,-16.8,80,1,5.56
177,El Tigre,299.553,8.89,74,100,5.09
178,Saskylakh,283.853,71.97,44,0,6.69
179,San Pedro,287.35,-33.68,79,43,1.34
180,Bethel,294.53,60.79,43,40,5.7
181,Touros,298.15,-5.2,88,20,3.1
182,Urubicha,289.853,-15.63,69,0,1.21
183,Lorengau,301.253,-2.02,85,100,2.43
184,Naryan-Mar,280.753,67.67,59,79,5.77
185,Pacific Grove,292.04,36.62,72,1,2.6
186,Los Llanos de Aridane,291.89,28.66,77,6,5.7
187,Yuanping,291.053,38.72,52,100,2.6
188,Tautira,302.09,-17.73,62,20,3.6
189,Chicama,291.15,-7.84,88,40,4.1
190,Cidreira,289.053,-30.17,75,0,2.8
191,Olinda,298.65,-2.03,83,90,6.2
192,Hofn,271.653,64.25,85,100,10.3
193,Vradiyivka,291.653,47.86,87,72,1.03
194,Bathsheba,301.15,13.22,74,40,8.2
195,Cabo San Lucas,296.82,22.89,54,5,3.6
196,Amahai,299.553,-3.31,85,90,5.39
197,Florianopolis,285.84,-27.6,87,0,1.1
198,Broken Hill,283.15,-31.97,61,0,9.3
199,Norman Wells,277.15,65.28,100,90,1.0
200,Tura,303.053,25.52,66,5,2.35
201,Rorvik,283.15,64.86,95,2,1.74
202,Havelock,296.14,34.88,64,1,2.1
203,Ribeira Grande,289.953,38.52,67,3,4.33
204,Avallon,288.71,47.49,86,100,4.51
205,Dwarka,306.98,28.58,52,40,2.6
206,Ekibastuz,294.253,51.72,59,34,8.15
207,Tessalit,304.953,20.2,14,0,3.77
208,Valdivia,288.15,-39.81,87,20,9.3
209,Koutsouras,290.93,35.03,81,0,0.45
210,San Andres,307.153,13.32,46,94,1.29
211,Carutapera,298.053,-1.2,90,96,1.82
212,Marquette,285.62,46.54,76,5,3.6
213,Grants Pass,301.48,42.44,14,1,4.6
214,Necochea,284.26,-38.55,82,100,7.6
215,Porto Novo,285.15,-23.68,87,0,0.5
216,Izumo,300.69,35.37,51,20,8.2
217,Antalaha,290.353,-14.9,99,90,1.05
218,Saint-Francois,287.38,46.42,72,90,4.1
219,Lhokseumawe,303.153,5.18,56,100,0.92
220,Lovozero,280.553,68.01,88,86,4.35
221,Ilulissat,279.15,69.22,60,0,3.73
222,Zabrze,290.04,50.31,87,0,1.5
223,Tra Vinh,304.953,9.93,63,100,1.85
224,San Policarpo,303.453,12.18,67,1,3.81
225,Margate,284.87,-43.03,58,75,7.7
226,Saint Pete Beach,300.4,27.73,69,75,4.1
227,Bambanglipuro,300.553,-7.95,77,100,3.75
228,Victoria,300.35,5.28,83,75,2.1
229,Geraldton,289.15,49.72,33,75,3.6
230,Rawson,288.953,-43.3,43,100,9.86
231,Kruisfontein,287.453,-34.0,72,16,3.94
232,Alencon,286.25,48.43,76,0,2.6
233,Kirakira,302.053,-10.46,76,80,3.57
234,Talnakh,278.15,69.49,65,0,4.0
235,Mondlo,285.653,-27.96,37,1,4.07
236,Lavrentiya,289.853,65.58,39,0,2.67
237,Khatanga,284.253,71.98,62,46,1.64
238,Bull Savanna,300.953,17.89,76,34,1.74
239,Puerto Suarez,288.953,-18.96,85,0,0.98
240,Spring Hill,300.02,28.46,78,90,3.1
241,Richards Bay,295.153,-28.77,58,11,9.65
242,Cayenne,298.15,4.94,94,20,2.06
243,Concarneau,283.32,47.88,100,0,1.5
244,Dandong,290.953,40.12,87,100,2.19
245,Santa Cecilia,302.15,5.35,83,40,2.6
246,Plouzane,283.17,48.38,93,0,2.1
247,Tual,300.353,-5.67,83,100,12.65
248,Lasem,304.953,-6.99,52,1,1.96
249,Airai,302.953,-8.93,48,7,3.12
250,Launceston,280.83,-41.43,75,60,3.1
251,Kamenka,286.853,53.19,73,0,0.93
252,Baykit,293.253,61.68,30,1,1.96
253,Itoman,301.41,26.12,88,75,4.6
254,Vostok,296.053,46.45,38,39,2.35
255,Sozimskiy,281.553,59.74,62,74,1.13
256,Fort Nelson,285.15,58.81,54,75,2.1
257,U Thong,306.653,14.38,49,98,2.22
258,Vitim,291.453,59.44,38,100,3.44
259,Pacifica,294.05,37.61,82,1,5.1
260,Bud,281.85,62.91,93,18,1.5
261,Tecoanapa,302.15,16.99,74,90,0.52
262,Bonthe,299.553,7.53,83,100,2.78
263,Coahuayana,298.053,18.62,82,100,1.78
264,Bambous Virieux,295.15,-20.34,83,40,6.7
265,Ravar,295.153,31.27,20,0,0.94
266,Takaka,283.7,-40.86,94,100,1.03
267,Ohara,298.28,35.12,61,75,1.5
268,Tiksi,274.753,71.64,75,0,6.17
269,Meulaboh,301.653,4.14,71,100,0.53
270,Bubaque,299.753,11.28,81,97,6.8
271,Tiarei,302.09,-17.53,62,20,3.6
272,Altay,286.153,47.83,55,50,2.5
273,Barth,289.4,54.37,87,40,5.1
274,Leningradskiy,274.053,69.38,92,100,3.08
275,Dongsheng,305.553,29.72,55,100,7.3
276,Ileza,287.953,61.05,89,100,3.41
277,Vidim,289.23,50.47,82,0,1.5
278,Vardo,291.92,39.62,56,1,3.1
279,Roald,281.25,62.58,93,51,1.5
280,Naze,298.15,5.43,94,75,1.42
281,Lodja,291.953,-3.52,68,0,0.78
282,Santiago del Estero,289.853,-27.8,56,73,6.45
283,Hokitika,285.853,-42.72,34,3,3.29
284,San Juan de Uraba,303.253,8.76,78,100,5.1
285,Dmanisi,286.753,41.33,88,71,1.35
286,Contepec,290.37,19.95,96,100,3.58
287,Acapulco,302.15,16.86,74,90,0.48
288,Puyang,302.953,35.76,48,100,4.28
289,Dakar,295.61,14.69,88,75,3.1
290,Enumclaw,294.55,47.2,25,1,1.85
291,vejalpur,302.15,23.01,74,0,3.6
292,Anadyr,284.98,64.73,58,75,6.0
293,Dembi Dolo,292.553,8.53,91,99,1.42
294,Pochutla,301.06,15.74,78,75,1.5
295,Izumrud,291.48,50.35,93,40,3.0
296,Nishihara,296.84,35.74,78,75,2.1
297,Blagoveshchenka,286.653,52.83,61,50,6.42
298,Moose Factory,281.15,51.26,75,90,2.1
299,Union,294.21,47.36,32,1,5.1
300,Tandil,284.82,-37.33,85,100,4.02
301,Waingapu,300.753,-9.65,64,86,6.83
302,Nuuk,273.93,64.17,56,20,7.7
303,Pori,284.15,61.49,93,0,1.5
304,Marrakesh,293.15,31.63,68,40,2.73
305,Ambilobe,293.453,-13.19,71,0,3.49
306,Road Town,300.07,18.42,78,40,2.6
307,Sitka,298.71,37.17,72,2,1.34
308,Worland,296.83,44.02,29,1,2.6
309,Bongaree,292.46,-27.08,39,0,6.2
310,Port Macquarie,287.48,-31.43,71,75,5.7
311,Puerto Escondido,301.15,15.86,78,75,1.5
312,Novikovo,291.153,45.05,81,79,1.22
313,Severo-Kurilsk,278.253,50.68,93,100,7.64
314,Sangar,295.453,63.92,39,100,4.23
315,Inuvik,289.15,68.36,31,40,3.6
316,Mitsamiouli,300.053,-11.38,72,1,6.15
317,Honningsvag,277.553,70.98,81,99,2.69
318,Usinsk,279.053,66.0,61,9,2.15
319,Angoche,294.053,-16.23,93,75,2.45
320,Sayat,294.15,38.78,77,0,2.1
321,Kidal,305.553,18.44,10,0,3.85
322,Myitkyina,301.953,25.38,55,14,1.16
323,Corlu,295.15,40.93,60,90,4.1
324,Masindi,290.653,1.69,97,100,0.86
325,Santa Cruz de la Palma,291.79,28.68,77,6,5.7
326,Isangel,301.15,-19.55,69,75,1.5
327,Oneonta,284.74,42.45,89,100,3.62
328,Lufilufi,303.15,-13.87,70,11,2.24
329,Boyolangu,301.353,-8.09,59,29,1.93
330,Port Lincoln,286.853,-34.72,54,3,2.01
331,Ishigaki,299.15,24.34,94,75,1.5
332,Namatanai,301.253,-3.66,80,46,3.59
333,Mehamn,277.853,71.03,78,98,3.07
334,Ghanzi,287.353,-21.7,31,0,1.56
335,Muroto,298.15,33.37,65,20,3.6
336,Palana,283.453,59.08,69,25,6.38
337,Betare Oya,293.253,5.6,98,100,1.05
338,Pangody,288.553,65.85,42,78,2.39
339,Novyy Svit,291.153,47.81,65,96,5.75
340,Luena,282.153,-11.78,63,43,1.26
341,Champerico,302.15,16.38,70,75,1.38
342,Khani,294.15,41.96,100,100,1.5
343,Chihuahua,299.41,28.66,34,20,5.1
344,Koslan,282.353,63.46,90,100,3.29
345,Altona,299.05,41.11,69,40,3.6
346,Elizabeth City,293.26,36.3,53,1,3.6
347,Yoichi,289.51,43.19,100,75,4.1
348,Hay River,281.15,60.82,70,75,6.7
349,Kungurtug,286.353,50.6,45,53,2.51
350,Belyy Yar,285.15,53.6,87,0,1.0
351,Lascahobas,298.15,18.83,88,75,4.6
352,Kizukuri,298.25,40.81,44,75,4.1
353,Mahebourg,295.15,-20.41,83,40,6.7
354,Hualmay,289.553,-11.1,94,26,6.55
355,Bilma,305.553,18.69,18,7,4.18
356,Dakoro,307.553,14.51,33,66,7.24
357,Clyde River,275.15,70.47,93,1,3.6
358,Faanui,300.753,-16.48,73,0,6.03
359,Japura,302.653,-0.42,69,100,1.89
360,Yumen,300.953,40.29,12,7,8.19
361,Deer Lake,282.08,49.18,93,75,2.6
362,Denpasar,300.15,-8.65,88,40,6.7
363,Mareeba,292.23,-16.99,37,100,8.7
364,Husavik,293.15,50.56,50,41,3.13
365,Sao Filipe,296.653,14.9,85,0,5.68
366,Barrow,287.853,-38.31,67,100,9.22
367,Cessnock,284.9,-32.83,87,90,4.1
368,Emerald,290.27,-23.53,36,92,6.2
369,Balkanabat,305.353,39.51,19,56,3.27
370,Cape Coast,299.153,5.11,85,99,4.79
371,Panama City,302.0,30.16,74,1,2.6
372,Kaeo,291.48,-35.1,75,47,5.36
373,Winslow,284.52,51.94,100,75,3.1
374,Marsabit,299.253,2.34,61,14,6.78
375,Taltal,288.753,-25.41,67,0,0.93
376,Abu Dhabi,304.47,24.47,31,0,1.0
377,Rio Grande,283.953,-32.03,88,0,1.37
378,Tarui,297.72,35.37,83,75,2.1
379,Solnechnyy,294.853,50.72,41,4,2.42
380,Esperance,300.74,10.24,78,20,6.2
381,Bosaso,305.153,11.28,71,100,3.61
382,Rundu,285.15,-17.91,40,0,1.0
383,Komsomolskiy,271.553,67.55,92,2,2.51
384,Marshfield,289.51,42.09,55,20,3.6
385,San Felipe,285.37,-32.75,43,99,0.45
386,Cotonou,300.15,6.37,88,40,5.1
387,Mantenopolis,292.653,-18.86,87,76,1.65
388,Port Hardy,285.15,50.7,76,90,2.6
389,Mursalimkino,278.653,55.04,63,0,6.69
390,Sindor,281.853,62.87,55,77,3.0
391,Aksum,292.253,14.12,72,3,0.85
392,Sola,288.62,62.78,72,90,2.1
393,Beloha,291.253,-25.17,80,0,2.13
394,Opuwo,286.653,-18.06,26,0,1.95
395,Nyurba,293.453,63.29,32,0,2.12
396,Kahului,298.27,20.89,88,75,5.1
397,Shahrud,285.653,36.42,40,0,0.81
398,Ponta Delgada,289.15,37.73,67,20,2.6
399,Sehore,304.15,23.2,40,0,5.1
400,Vallenar,288.053,-28.58,59,12,1.06
401,Blind River,282.64,46.19,87,75,0.8
402,Srednekolymsk,282.853,67.46,28,1,4.68
403,Huarmey,290.353,-10.07,92,56,6.3
404,Muisne,298.853,0.61,86,96,7.01
405,Bima,300.953,-8.45,67,57,2.6
406,Qarqin,301.453,37.41,26,10,0.88
407,Labuhan,306.653,-2.54,51,18,0.66
408,Constantine,290.15,36.36,72,0,1.5
409,Ankazoabo,288.953,-22.29,89,0,1.15
410,Alyangula,294.15,-13.85,56,100,5.1
411,Pangnirtung,278.953,66.15,50,1,0.91
412,Tianpeng,304.353,28.88,61,100,3.29
413,Donskoye,291.01,45.45,72,0,6.0
414,Davidson,296.23,35.5,77,1,2.65
415,Goderich,287.59,43.74,83,3,6.61
416,Datong,294.053,40.09,16,100,4.63
417,Nikolskoye,288.16,59.7,63,0,4.0
418,Curvelo,288.853,-18.76,78,0,3.92
419,Canatlan,298.45,24.52,31,75,5.7
420,Birao,299.653,10.3,64,100,3.7
421,Spring Valley,290.99,41.11,37,1,5.1
422,Lasa,291.96,34.92,68,100,1.5
423,Ask,283.453,35.87,48,18,1.14
424,Makakilo City,302.19,21.35,66,40,5.1
425,Baraki Barak,284.853,33.97,46,99,2.48
426,Trzebiatow,290.71,54.06,82,0,2.1
427,Sao Felix do Xingu,295.353,-6.64,81,0,1.67
428,Potsdam,291.46,52.4,68,0,1.0
429,Boras,281.77,57.72,71,0,2.6
430,Lookan,302.753,5.04,68,100,2.55
431,Okitipupa,297.453,6.5,95,100,1.68
432,Yulara,284.15,-25.24,53,0,8.7
433,Podor,298.953,16.65,51,46,6.49
434,Kanniyakumari,302.253,8.08,77,100,8.05
435,Najran,298.15,17.54,33,0,1.59
436,Skegness,284.02,53.14,93,20,2.6
437,Huancabamba,288.053,-5.24,71,100,4.38
438,Ndungu,288.653,-4.38,91,0,1.5
439,Daru,295.253,7.99,99,100,0.22
440,Montrose,284.41,-37.81,76,90,5.7
441,Bria,294.053,6.54,88,29,1.16
442,Saryg-Sep,288.953,51.49,50,2,3.18
443,Mandalgovi,290.653,45.76,23,100,8.56
444,Farmington,290.4,36.73,40,1,4.1
445,Galveston,295.59,40.58,49,1,2.6
446,Souillac,287.72,45.6,93,99,2.6
447,Nemuro,285.15,43.32,87,75,2.6
448,Longyearbyen,275.15,78.22,80,75,2.6
449,Lehigh Acres,298.37,26.63,78,1,4.1
450,Asyut,299.15,27.18,36,0,6.7
451,Trelew,288.953,-43.25,43,100,9.86
452,Makamba,291.253,-4.13,87,4,0.21
453,Slave Lake,289.15,55.28,55,40,5.7
454,Mulege,298.353,26.88,67,0,2.73
455,El Alto,276.15,-16.5,69,0,2.6
456,Simao,302.453,22.76,43,1,1.56
457,Grand Gaube,295.15,-20.01,83,40,6.7
458,Yarada,303.15,17.65,84,75,4.1
459,Bara,302.353,10.41,55,91,3.71
460,Ixtapa,297.09,20.71,78,90,3.1
461,Salvador,300.15,-12.98,74,20,3.6
462,Huty,289.153,50.13,92,91,5.24
463,Pauini,297.153,-7.71,81,100,0.95
464,Loralai,296.953,30.37,19,23,7.07
465,Port Blair,303.053,11.67,77,39,4.72
466,Austin,295.98,30.27,94,90,2.1
467,Yar-Sale,274.453,66.83,88,100,7.2
468,Caldwell,300.72,43.67,21,1,4.6
469,Batagay,290.453,67.65,30,0,1.97
470,Hovd,282.48,63.83,93,20,2.6
471,Nhulunbuy,296.15,-12.18,69,90,7.7
472,Merrill,299.01,42.03,21,1,4.6
473,Ulaangom,290.753,49.98,33,0,3.05
474,Adrar,302.15,27.87,11,0,3.1
475,Kpandu,297.753,7.0,87,100,2.44
476,Bonavista,284.82,48.65,82,100,3.13
477,Ambon,285.2,47.55,93,0,2.1
478,Mango,290.42,44.69,88,40,2.1
479,Presidencia Roque Saenz Pena,285.653,-26.79,95,0,3.41
480,Patrasaer,306.153,23.2,60,66,2.92
481,Lompoc,289.59,34.64,72,1,5.7
482,Ambikapur,308.453,23.12,31,35,3.29
483,Flin Flon,287.653,54.77,46,32,2.19
484,Benjamin Aceval,287.15,-24.97,93,0,1.79
485,San Jose de Ocoa,300.37,18.55,84,28,2.68
486,Neuquen,285.15,-38.95,81,75,1.5
487,Tuatapere,282.353,-46.13,63,93,9.96
488,Pittsfield,299.95,39.61,78,1,2.6
489,Avera,298.73,33.19,78,40,4.1
490,Gazojak,306.653,41.19,15,1,4.3
491,Kortkeros,280.57,61.81,81,0,2.0
492,Palmer,285.15,-34.85,58,75,2.6
493,Tilichiki,283.553,60.47,75,99,2.94
494,Ballina,282.0,54.11,92,100,1.79
495,Miranda,299.15,3.25,69,75,2.6
496,Morondava,297.553,-20.3,73,23,9.0
497,Zeya,297.753,53.74,26,9,2.95
498,Nizwa,301.353,22.93,48,72,0.65
499,Las Varas,296.49,21.18,83,90,3.1
500,Gobabis,283.15,-22.45,39,0,0.5
501,Canavieiras,296.653,-15.68,81,0,0.53
502,Jalu,297.353,29.03,39,0,5.21
503,Viedma,288.253,-40.81,71,100,7.46
504,Takoradi,296.753,4.89,95,100,1.67
505,Portland,297.65,45.52,40,40,1.5
506,Aklavik,289.15,68.22,29,40,3.6
507,Damavand,296.03,35.72,27,0,1.14
508,Palu,303.153,-0.9,61,96,1.91
509,Agulu,299.15,6.11,88,40,4.1
510,Imeni Babushkina,289.753,59.76,72,0,3.86
511,Astoria,288.08,46.19,55,20,4.6
512,Senta,289.253,45.93,89,99,1.89
513,Mali,303.71,27.53,31,9,2.29
514,Kipushi,282.753,-11.76,91,0,1.98
515,Ust-Nera,286.853,64.57,47,77,1.94
516,Monrovia,298.15,6.33,94,40,2.75
517,Ode,296.253,7.79,93,91,3.79
518,Saint-Pierre,290.21,48.95,93,54,5.7
519,Petropavlovsk-Kamchatskiy,284.15,53.05,81,75,3.0
520,Saldanha,281.153,41.42,89,0,2.6
521,Gat,295.15,14.69,88,75,3.1
522,Irece,291.353,-11.3,88,0,2.78
523,Tarko-Sale,291.953,64.92,32,45,3.87
524,Djambala,294.453,-2.55,69,0,2.11
525,Siaya,292.453,0.06,87,88,3.47
526,Juxtlahuaca,290.053,17.43,98,100,1.79
527,Huambo,281.753,-12.78,49,19,1.43
528,Corralillo,300.253,22.98,79,100,3.38
529,Ketchikan,285.15,55.34,76,75,2.6
530,Tomatlan,296.753,19.93,79,58,1.95
531,West Bay,283.69,50.71,87,0,3.6
532,Sergeyevka,282.553,53.88,76,98,8.18
533,Batangafo,296.553,7.3,76,32,2.03
534,Tsogni,296.553,-2.79,85,96,2.59
535,Talara,293.653,-4.58,87,32,8.31
536,Sabzevar,293.353,36.21,39,0,2.28
537,Boulder,294.02,40.02,33,75,5.1
538,Mingshui,303.453,22.81,73,100,4.71
539,Zhengjiatun,299.153,43.51,45,0,3.37
540,Zhigansk,286.653,66.77,68,100,1.02
541,Hirara,302.15,24.8,83,75,5.7
542,Kupang,301.653,-10.16,64,76,7.62
543,Lesnoy,281.553,59.78,62,74,1.13
544,Noumea,295.15,-22.28,94,90,1.5
545,Mutsu,294.61,41.29,93,75,2.6
546,Lima,291.15,-12.06,82,90,2.1
547,Luderitz,288.15,-26.65,72,0,5.1
548,Strezhevoy,291.15,60.73,48,0,3.0
549,Valley City,301.17,46.92,48,1,11.3
550,Khorramshahr,304.49,30.43,38,0,3.1
551,Waddan,297.853,29.16,32,0,5.11
552,Havre-Saint-Pierre,281.15,50.23,87,90,2.6
553,Buraydah,301.15,26.33,28,0,4.1
554,Teguldet,295.453,57.31,36,0,0.55
555,Banjar,301.353,-7.37,69,73,1.32
556,Bellview,300.24,32.78,83,1,2.88
557,Saint George,289.62,39.45,93,75,1.44
558,Cedar City,296.46,37.68,20,1,2.45
559,Abeche,303.153,13.83,56,99,5.47
560,Antibes,287.64,43.58,82,20,2.6
561,Baglung,292.053,28.27,56,6,3.07
562,Sao Miguel do Tapuio,295.253,-5.5,72,38,1.81
563,Pandan,303.653,11.72,68,100,5.01
564,Neiafu,299.15,-18.65,83,40,3.1
565,Davila,305.15,18.47,70,20,2.6
566,Camacupa,282.153,-12.02,56,15,1.88
